<?xml version="1.0" encoding="utf-8"?>
<Proposal xmlns:common="https://ecab.planningportal.co.uk/uploads/schema/OneAppCommon" xmlns:core="https://ecab.planningportal.co.uk/uploads/schema/core" xmlns:pdt="https://ecab.planningportal.co.uk/uploads/schema/PersonDescriptives" xmlns:org="https://ecab.planningportal.co.uk/uploads/schema/OrganisationIdentifiers" xmlns:bs7666="https://ecab.planningportal.co.uk/uploads/schema/bs7666" xmlns:mdc="https://ecab.planningportal.co.uk/uploads/schema/mdces-2006" xmlns:apd="https://ecab.planningportal.co.uk/uploads/schema/AddressAndPersonalDetails" xmlns:gml="http://www.opengis.net/gml" xmlns:xlink="http://www.w3.org/1999/xlink" xmlns:xsd="http://www.w3.org/2001/XMLSchema" xmlns:xsi="http://www.w3.org/2001/XMLSchema-instance" Version="3.0" xmlns="https://ecab.planningportal.co.uk/uploads/schema/OneAppProposal">
    <SchemaVersion>3.0</SchemaVersion>
    <ApplicationHeader>
        <ApplicationTo>N5660</ApplicationTo>
        <DateSubmitted>2024-12-19</DateSubmitted>
        <RefNum>10087984</RefNum>
        <FormattedRefNum>PT-10087984</FormattedRefNum>
        <ApplicationVersion>1</ApplicationVersion>
        <AttachmentsChanged>0</AttachmentsChanged>
        <Description>DH_Town Hall</Description>
        <Payment>
            <common:PaymentMethod>OnlineViaPortal</common:PaymentMethod>
            <common:AmountDue>0.00</common:AmountDue>
            <common:AmountPaid>0.00</common:AmountPaid>
            <common:Currency>GBP</common:Currency>
        </Payment>
        <IsValidApplication>1</IsValidApplication>
    </ApplicationHeader>
    <FileAttachments>
        <common:FileAttachment>
            <common:Identifier>10087984-1-1</common:Identifier>
            <common:Size>589438</common:Size>
            <common:MimeType>application/pdf</common:MimeType>
            <common:FileName>ApplicationForm.pdf</common:FileName>
            <common:PrintInformation>
                <common:PaperSize>
                    <common:StandardSize>A4</common:StandardSize>
                </common:PaperSize>
                <common:HasBeenPrinted>0</common:HasBeenPrinted>
                <common:HasScale>0</common:HasScale>
            </common:PrintInformation>
            <common:Reference>Application Form</common:Reference>
        </common:FileAttachment>
        <common:FileAttachment>
            <common:Identifier>10087984-1-2</common:Identifier>
            <common:Size>588953</common:Size>
            <common:MimeType>application/pdf</common:MimeType>
            <common:FileName>ApplicationFormRedacted.pdf</common:FileName>
            <common:PrintInformation>
                <common:PaperSize>
                    <common:StandardSize>A4</common:StandardSize>
                </common:PaperSize>
                <common:HasBeenPrinted>0</common:HasBeenPrinted>
                <common:HasScale>0</common:HasScale>
            </common:PrintInformation>
            <common:Reference>Application Form - Without Personal Data</common:Reference>
        </common:FileAttachment>
        <common:FileAttachment>
            <common:Identifier>10087984-1-3</common:Identifier>
            <common:Size>109095</common:Size>
            <common:MimeType>application/pdf</common:MimeType>
            <common:FileName>FeeCalculation.pdf</common:FileName>
            <common:PrintInformation>
                <common:PaperSize>
                    <common:StandardSize>A4</common:StandardSize>
                </common:PaperSize>
                <common:HasBeenPrinted>0</common:HasBeenPrinted>
                <common:HasScale>0</common:HasScale>
            </common:PrintInformation>
            <common:Reference>How the fee was calculated</common:Reference>
        </common:FileAttachment>
        <common:FileAttachment>
            <common:Identifier>10087984-1-4</common:Identifier>
            <common:Size>85135</common:Size>
            <common:MimeType>application/pdf</common:MimeType>
            <common:FileName>AttachmentSummary.pdf</common:FileName>
            <common:PrintInformation>
                <common:PaperSize>
                    <common:StandardSize>A4</common:StandardSize>
                </common:PaperSize>
                <common:HasBeenPrinted>0</common:HasBeenPrinted>
                <common:HasScale>0</common:HasScale>
            </common:PrintInformation>
            <common:Reference>A summary of the attachments in the proposal</common:Reference>
        </common:FileAttachment>
        <common:FileAttachment>
            <common:Identifier>10087984-1-1075799</common:Identifier>
            <common:Size>18382</common:Size>
            <common:MimeType>application/pdf</common:MimeType>
            <common:FileName>Test document DH.pdf</common:FileName>
            <common:Description />
            <common:PrintInformation />
            <common:Reference>The location plan</common:Reference>
        </common:FileAttachment>
        <common:FileAttachment>
            <common:Identifier>10087984-1-1075800</common:Identifier>
            <common:Size>15495</common:Size>
            <common:MimeType>application/vnd.openxmlformats-officedocument.wordprocessingml.document</common:MimeType>
            <common:FileName>Test document DH.docx</common:FileName>
            <common:Description />
            <common:PrintInformation />
            <common:Reference>Community Infrastructure Levy - Completed form</common:Reference>
        </common:FileAttachment>
        <common:FileAttachment>
            <common:Identifier>10087984-1-1075801</common:Identifier>
            <common:Size>4197</common:Size>
            <common:MimeType>image/jpeg</common:MimeType>
            <common:FileName>C.jpg</common:FileName>
            <common:Description>Document description </common:Description>
            <common:PrintInformation />
            <common:Reference>Additional plans</common:Reference>
        </common:FileAttachment>
        <common:FileAttachment>
            <common:Identifier>10087984-1-1075802</common:Identifier>
            <common:Size>42955</common:Size>
            <common:MimeType>application/pdf</common:MimeType>
            <common:FileName>Community Infrastructure Levy - Completed form_included_in_Additional plans.pdf</common:FileName>
            <common:Description>Document description </common:Description>
            <common:PrintInformation />
            <common:Reference>Community Infrastructure Levy - Completed form</common:Reference>
        </common:FileAttachment>
        <common:FileAttachment>
            <common:Identifier>10087984-1-1075803</common:Identifier>
            <common:Size>42094</common:Size>
            <common:MimeType>application/pdf</common:MimeType>
            <common:FileName>The location plan_included_in_Additional plans.pdf</common:FileName>
            <common:Description>Document description </common:Description>
            <common:PrintInformation />
            <common:Reference>The location plan</common:Reference>
        </common:FileAttachment>
    </FileAttachments>
    <Applicant>
        <common:PersonName>
            <pdt:PersonNameTitle>MR</pdt:PersonNameTitle>
            <pdt:PersonGivenName>Bob</pdt:PersonGivenName>
            <pdt:PersonFamilyName>Smith</pdt:PersonFamilyName>
        </common:PersonName>
        <common:OrgName>Test_Company Name</common:OrgName>
        <common:ExternalAddress>
            <common:InternationalAddress>
                <apd:IntAddressLine>Lambeth Town Hall, 1 Brixton Hill</apd:IntAddressLine>
                <apd:IntAddressLine />
                <apd:IntAddressLine />
                <apd:IntAddressLine>London</apd:IntAddressLine>
                <apd:IntAddressLine>Lambeth</apd:IntAddressLine>
                <apd:Country>United Kingdom</apd:Country>
                <apd:InternationalPostCode>SW2 1RW</apd:InternationalPostCode>
            </common:InternationalAddress>
        </common:ExternalAddress>
        <common:ContactDetails>
            <common:Email>
                <apd:EmailAddress>test@lambeth.gov.uk</apd:EmailAddress>
            </common:Email>
            <common:Telephone>
                <apd:TelNationalNumber>070000000</apd:TelNationalNumber>
            </common:Telephone>
        </common:ContactDetails>
    </Applicant>
    <Agent>
        <common:PersonName>
            <pdt:PersonNameTitle>MR</pdt:PersonNameTitle>
            <pdt:PersonGivenName>Bob</pdt:PersonGivenName>
            <pdt:PersonFamilyName>Smith</pdt:PersonFamilyName>
        </common:PersonName>
        <common:ExternalAddress>
            <common:InternationalAddress>
                <apd:IntAddressLine>Lambeth Town Hall, 1 Brixton Hill</apd:IntAddressLine>
                <apd:IntAddressLine> Brixton Hill</apd:IntAddressLine>
                <apd:IntAddressLine />
                <apd:IntAddressLine>Lambeth</apd:IntAddressLine>
                <apd:Country>United Kingdom</apd:Country>
                <apd:InternationalPostCode>SW2 1RW</apd:InternationalPostCode>
            </common:InternationalAddress>
        </common:ExternalAddress>
        <common:ContactDetails>
            <common:Email>
                <apd:EmailAddress>test@lambeth.gov.uk</apd:EmailAddress>
            </common:Email>
            <common:Telephone>
                <apd:TelNationalNumber>02079260135</apd:TelNationalNumber>
            </common:Telephone>
        </common:ContactDetails>
    </Agent>
    <SiteLocation>
        <bs7666:BS7666Address>
            <bs7666:PAON>
                <bs7666:StartRange>
                    <bs7666:Number>2</bs7666:Number>
                </bs7666:StartRange>
                <bs7666:EndRange />
                <bs7666:Description>Lambeth Town Hall</bs7666:Description>
            </bs7666:PAON>
            <bs7666:StreetDescription>Brixton Hill</bs7666:StreetDescription>
            <bs7666:Locality />
            <bs7666:Town>London</bs7666:Town>
            <bs7666:AdministrativeArea>Lambeth</bs7666:AdministrativeArea>
            <bs7666:PostTown>London</bs7666:PostTown>
            <bs7666:PostCode>SW2 1RW</bs7666:PostCode>
            <bs7666:UniquePropertyReferenceNumber>100023673934</bs7666:UniquePropertyReferenceNumber>
        </bs7666:BS7666Address>
        <common:SiteGridRefence>
            <bs7666:X>530919</bs7666:X>
            <bs7666:Y>175202</bs7666:Y>
        </common:SiteGridRefence>
    </SiteLocation>
    <ApplicationScenario>
        <ScenarioNumber>4</ScenarioNumber>
    </ApplicationScenario>
    <ApplicationData>
        <ProposalDescription>
            <common:DescriptionText>
DH Test Description</common:DescriptionText>
            <common:ProposalState>
                <common:ProposalStarted>0</common:ProposalStarted>
                <common:ProposalCompleted>0</common:ProposalCompleted>
            </common:ProposalState>
            <common:FastTrackAffordableHousing>0</common:FastTrackAffordableHousing>
            <common:PermissionForWholeBuilding>1</common:PermissionForWholeBuilding>
            <common:RegisteredSocialLandlord>0</common:RegisteredSocialLandlord>
            <common:ProjectedWorksCategory>UpTo2m</common:ProjectedWorksCategory>
            <common:LossOfGardenLand>0</common:LossOfGardenLand>
        </ProposalDescription>
        <SiteArea AreaUnit="sq.metres">23.00</SiteArea>
        <ExistingUse>
            <common:CurrentUse>test Please describe the current use of the site</common:CurrentUse>
            <common:IsCurrentlyVacant>0</common:IsCurrentlyVacant>
            <common:ContaminatedLandKnown>0</common:ContaminatedLandKnown>
            <common:ContaminatedLandSuspect>0</common:ContaminatedLandSuspect>
            <common:ContaminatedProposedUse>0</common:ContaminatedProposedUse>
        </ExistingUse>
        <Employment>
            <common:Existing>
                <common:FullTime>0</common:FullTime>
                <common:PartTime>0</common:PartTime>
                <common:Total>0.0</common:Total>
            </common:Existing>
            <common:Proposed>
                <common:FullTime>0</common:FullTime>
                <common:PartTime>0</common:PartTime>
                <common:Total>0.0</common:Total>
            </common:Proposed>
        </Employment>
        <Hours>
            <common:A1>
                <common:MonToFri>
                    <common:StartTime />
                    <common:StopTime />
                </common:MonToFri>
                <common:Sat>
                    <common:StartTime />
                    <common:StopTime />
                </common:Sat>
                <common:SunBH>
                    <common:StartTime />
                    <common:StopTime />
                </common:SunBH>
            </common:A1>
            <common:A2>
                <common:MonToFri>
                    <common:StartTime />
                    <common:StopTime />
                </common:MonToFri>
                <common:Sat>
                    <common:StartTime />
                    <common:StopTime />
                </common:Sat>
                <common:SunBH>
                    <common:StartTime />
                    <common:StopTime />
                </common:SunBH>
            </common:A2>
            <common:A3>
                <common:MonToFri>
                    <common:StartTime />
                    <common:StopTime />
                </common:MonToFri>
                <common:Sat>
                    <common:StartTime />
                    <common:StopTime />
                </common:Sat>
                <common:SunBH>
                    <common:StartTime />
                    <common:StopTime />
                </common:SunBH>
            </common:A3>
            <common:A4>
                <common:MonToFri>
                    <common:StartTime />
                    <common:StopTime />
                </common:MonToFri>
                <common:Sat>
                    <common:StartTime />
                    <common:StopTime />
                </common:Sat>
                <common:SunBH>
                    <common:StartTime />
                    <common:StopTime />
                </common:SunBH>
            </common:A4>
            <common:A5>
                <common:MonToFri>
                    <common:StartTime />
                    <common:StopTime />
                </common:MonToFri>
                <common:Sat>
                    <common:StartTime />
                    <common:StopTime />
                </common:Sat>
                <common:SunBH>
                    <common:StartTime />
                    <common:StopTime />
                </common:SunBH>
            </common:A5>
            <common:B1A>
                <common:MonToFri>
                    <common:StartTime />
                    <common:StopTime />
                </common:MonToFri>
                <common:Sat>
                    <common:StartTime />
                    <common:StopTime />
                </common:Sat>
                <common:SunBH>
                    <common:StartTime />
                    <common:StopTime />
                </common:SunBH>
            </common:B1A>
            <common:B1B>
                <common:MonToFri>
                    <common:StartTime />
                    <common:StopTime />
                </common:MonToFri>
                <common:Sat>
                    <common:StartTime />
                    <common:StopTime />
                </common:Sat>
                <common:SunBH>
                    <common:StartTime />
                    <common:StopTime />
                </common:SunBH>
            </common:B1B>
            <common:B1C>
                <common:MonToFri>
                    <common:StartTime />
                    <common:StopTime />
                </common:MonToFri>
                <common:Sat>
                    <common:StartTime />
                    <common:StopTime />
                </common:Sat>
                <common:SunBH>
                    <common:StartTime />
                    <common:StopTime />
                </common:SunBH>
            </common:B1C>
            <common:B2>
                <common:MonToFri>
                    <common:StartTime />
                    <common:StopTime />
                </common:MonToFri>
                <common:Sat>
                    <common:StartTime />
                    <common:StopTime />
                </common:Sat>
                <common:SunBH>
                    <common:StartTime />
                    <common:StopTime />
                </common:SunBH>
            </common:B2>
            <common:B8>
                <common:MonToFri>
                    <common:StartTime />
                    <common:StopTime />
                </common:MonToFri>
                <common:Sat>
                    <common:StartTime />
                    <common:StopTime />
                </common:Sat>
                <common:SunBH>
                    <common:StartTime />
                    <common:StopTime />
                </common:SunBH>
            </common:B8>
            <common:C1>
                <common:MonToFri>
                    <common:StartTime />
                    <common:StopTime />
                </common:MonToFri>
                <common:Sat>
                    <common:StartTime />
                    <common:StopTime />
                </common:Sat>
                <common:SunBH>
                    <common:StartTime />
                    <common:StopTime />
                </common:SunBH>
            </common:C1>
            <common:C2>
                <common:MonToFri>
                    <common:StartTime />
                    <common:StopTime />
                </common:MonToFri>
                <common:Sat>
                    <common:StartTime />
                    <common:StopTime />
                </common:Sat>
                <common:SunBH>
                    <common:StartTime />
                    <common:StopTime />
                </common:SunBH>
            </common:C2>
            <common:C2A>
                <common:MonToFri>
                    <common:StartTime />
                    <common:StopTime />
                </common:MonToFri>
                <common:Sat>
                    <common:StartTime />
                    <common:StopTime />
                </common:Sat>
                <common:SunBH>
                    <common:StartTime />
                    <common:StopTime />
                </common:SunBH>
            </common:C2A>
            <common:D1>
                <common:MonToFri>
                    <common:StartTime />
                    <common:StopTime />
                </common:MonToFri>
                <common:Sat>
                    <common:StartTime />
                    <common:StopTime />
                </common:Sat>
                <common:SunBH>
                    <common:StartTime />
                    <common:StopTime />
                </common:SunBH>
            </common:D1>
            <common:D2>
                <common:MonToFri>
                    <common:StartTime />
                    <common:StopTime />
                </common:MonToFri>
                <common:Sat>
                    <common:StartTime />
                    <common:StopTime />
                </common:Sat>
                <common:SunBH>
                    <common:StartTime />
                    <common:StopTime />
                </common:SunBH>
            </common:D2>
        </Hours>
        <IndustrialCommercial>
            <common:IsProposalWasteManagementDevelopment>0</common:IsProposalWasteManagementDevelopment>
            <common:ProcessesAndProducts />
            <common:WasteManagementDetails>
                <common:InertLandfill>
                    <common:TotalVoidCapacity VolumeUnit="" />
                    <common:MaxAnnualOperationalThroughput VolumeUnit="" />
                </common:InertLandfill>
                <common:NonHazardousLandfill>
                    <common:TotalVoidCapacity VolumeUnit="" />
                    <common:MaxAnnualOperationalThroughput VolumeUnit="" />
                </common:NonHazardousLandfill>
                <common:HazardousLandfill>
                    <common:TotalVoidCapacity VolumeUnit="" />
                    <common:MaxAnnualOperationalThroughput VolumeUnit="" />
                </common:HazardousLandfill>
                <common:WasteIncinerationEnergy>
                    <common:TotalVoidCapacity VolumeUnit="" />
                    <common:MaxAnnualOperationalThroughput VolumeUnit="" />
                </common:WasteIncinerationEnergy>
                <common:OtherIncineration>
                    <common:TotalVoidCapacity VolumeUnit="" />
                    <common:MaxAnnualOperationalThroughput VolumeUnit="" />
                </common:OtherIncineration>
                <common:LandfillGasGenerationPlant>
                    <common:TotalVoidCapacity VolumeUnit="" />
                    <common:MaxAnnualOperationalThroughput VolumeUnit="" />
                </common:LandfillGasGenerationPlant>
                <common:PyrolysisGasification>
                    <common:TotalVoidCapacity VolumeUnit="" />
                    <common:MaxAnnualOperationalThroughput VolumeUnit="" />
                </common:PyrolysisGasification>
                <common:MetalRecyclingSite>
                    <common:TotalVoidCapacity VolumeUnit="" />
                    <common:MaxAnnualOperationalThroughput VolumeUnit="" />
                </common:MetalRecyclingSite>
                <common:TransferStations>
                    <common:TotalVoidCapacity VolumeUnit="" />
                    <common:MaxAnnualOperationalThroughput VolumeUnit="" />
                </common:TransferStations>
                <common:MaterialRecoveryFacilities>
                    <common:TotalVoidCapacity VolumeUnit="" />
                    <common:MaxAnnualOperationalThroughput VolumeUnit="" />
                </common:MaterialRecoveryFacilities>
                <common:HouseholdCivicAmenitySites>
                    <common:TotalVoidCapacity VolumeUnit="" />
                    <common:MaxAnnualOperationalThroughput VolumeUnit="" />
                </common:HouseholdCivicAmenitySites>
                <common:OpenWindrowComposting>
                    <common:TotalVoidCapacity VolumeUnit="" />
                    <common:MaxAnnualOperationalThroughput VolumeUnit="" />
                </common:OpenWindrowComposting>
                <common:InvesselComposting>
                    <common:TotalVoidCapacity VolumeUnit="" />
                    <common:MaxAnnualOperationalThroughput VolumeUnit="" />
                </common:InvesselComposting>
                <common:AnaerobicDigestion>
                    <common:TotalVoidCapacity VolumeUnit="" />
                    <common:MaxAnnualOperationalThroughput VolumeUnit="" />
                </common:AnaerobicDigestion>
                <common:MBTTreatment>
                    <common:TotalVoidCapacity VolumeUnit="" />
                    <common:MaxAnnualOperationalThroughput VolumeUnit="" />
                </common:MBTTreatment>
                <common:SewageTreatmentWorks>
                    <common:TotalVoidCapacity VolumeUnit="" />
                    <common:MaxAnnualOperationalThroughput VolumeUnit="" />
                </common:SewageTreatmentWorks>
                <common:OtherTreatment>
                    <common:TotalVoidCapacity VolumeUnit="" />
                    <common:MaxAnnualOperationalThroughput VolumeUnit="" />
                </common:OtherTreatment>
                <common:RecyclingFacilitiesCDEWaste>
                    <common:TotalVoidCapacity VolumeUnit="" />
                    <common:MaxAnnualOperationalThroughput VolumeUnit="" />
                </common:RecyclingFacilitiesCDEWaste>
                <common:StorageOfWaste>
                    <common:TotalVoidCapacity VolumeUnit="" />
                    <common:MaxAnnualOperationalThroughput VolumeUnit="" />
                </common:StorageOfWaste>
                <common:OtherWasteManagement>
                    <common:TotalVoidCapacity VolumeUnit="" />
                    <common:MaxAnnualOperationalThroughput VolumeUnit="" />
                </common:OtherWasteManagement>
                <common:OtherDevelopments>
                    <common:TotalVoidCapacity VolumeUnit="" />
                    <common:MaxAnnualOperationalThroughput VolumeUnit="" />
                </common:OtherDevelopments>
            </common:WasteManagementDetails>
            <common:WasteStreamDetails>
                <common:Municipal>
                    <common:MaxAnnualOperationalThroughput VolumeUnit="" />
                </common:Municipal>
                <common:ConstructionDemolitionExcavation>
                    <common:MaxAnnualOperationalThroughput VolumeUnit="" />
                </common:ConstructionDemolitionExcavation>
                <common:CommercialIndustrial>
                    <common:MaxAnnualOperationalThroughput VolumeUnit="" />
                </common:CommercialIndustrial>
                <common:Hazardous>
                    <common:MaxAnnualOperationalThroughput VolumeUnit="" />
                </common:Hazardous>
            </common:WasteStreamDetails>
        </IndustrialCommercial>
        <HazardousSubstances>
            <common:IsUseStorageFollowingMaterials>No</common:IsUseStorageFollowingMaterials>
        </HazardousSubstances>
        <TradeEffluent>
            <common:DisposeTradeWaste>No</common:DisposeTradeWaste>
        </TradeEffluent>
        <Access>
            <common:NewAlteredVehicular>No</common:NewAlteredVehicular>
            <common:NewAlteredPedestrian>No</common:NewAlteredPedestrian>
            <common:NewRightsOfWay>No</common:NewRightsOfWay>
            <common:NewPublicRoad>No</common:NewPublicRoad>
            <common:ChangeRightsOfWay>No</common:ChangeRightsOfWay>
        </Access>
        <Materials>
            <common:Roof>
                <common:NotApplicable>false</common:NotApplicable>
                <common:DontKnow>false</common:DontKnow>
            </common:Roof>
            <common:Windows>
                <common:NotApplicable>false</common:NotApplicable>
                <common:DontKnow>false</common:DontKnow>
            </common:Windows>
            <common:Boundaries>
                <common:NotApplicable>false</common:NotApplicable>
                <common:DontKnow>false</common:DontKnow>
            </common:Boundaries>
            <common:VehicleAccess>
                <common:NotApplicable>false</common:NotApplicable>
                <common:DontKnow>false</common:DontKnow>
            </common:VehicleAccess>
            <common:Lighting>
                <common:NotApplicable>false</common:NotApplicable>
                <common:DontKnow>false</common:DontKnow>
            </common:Lighting>
            <common:ExternalWalls>
                <common:NotApplicable>false</common:NotApplicable>
                <common:DontKnow>false</common:DontKnow>
            </common:ExternalWalls>
            <common:ExternalDoors>
                <common:NotApplicable>false</common:NotApplicable>
                <common:DontKnow>false</common:DontKnow>
            </common:ExternalDoors>
            <common:SupportingInformation>
                <common:AdditionalInformation />
            </common:SupportingInformation>
        </Materials>
        <FoulSewage>
            <common:Disposal>
                <common:MainsSewer>1</common:MainsSewer>
            </common:Disposal>
            <common:ConnectExistingDrainage>Yes</common:ConnectExistingDrainage>
            <common:SupportingInformation>
                <common:Reference>If Yes, please include the details of the existing system on the application drawings and state the plan(s)/drawing(s) references *Required
</common:Reference>
            </common:SupportingInformation>
        </FoulSewage>
        <FloodRisk>
            <common:SiteInFloodRiskArea>No</common:SiteInFloodRiskArea>
            <common:FloodRiskTable />
            <common:ProposalNearWatercourse>0</common:ProposalNearWatercourse>
            <common:ProposalIncreaseFloodrisk>0</common:ProposalIncreaseFloodrisk>
            <common:SurfaceWaterDischarge>
                <common:SustainableDrainage>0</common:SustainableDrainage>
                <common:Soakaway>0</common:Soakaway>
                <common:MainSewer>1</common:MainSewer>
                <common:ExistingWatercourse>0</common:ExistingWatercourse>
                <common:PondLake>0</common:PondLake>
            </common:SurfaceWaterDischarge>
        </FloodRisk>
        <AllTreesHedges>
            <FullTreesHedges>
                <common:TreesHedgesOnSite>0</common:TreesHedgesOnSite>
                <common:TreesHedgesAdjacent>0</common:TreesHedgesAdjacent>
            </FullTreesHedges>
        </AllTreesHedges>
        <Advice>
            <common:HaveSoughtAdvice>0</common:HaveSoughtAdvice>
            <common:AdviceDetails />
        </Advice>
        <SiteVisit>
            <common:SeeSite>0</common:SeeSite>
            <common:VisitContactDetails>
                <common:ContactOther>
                    <common:PersonName>
                        <pdt:PersonFamilyName />
                    </common:PersonName>
                    <common:ContactDetails>
                        <common:Email>
                            <apd:EmailAddress />
                        </common:Email>
                        <common:Telephone>
                            <apd:TelNationalNumber />
                        </common:Telephone>
                    </common:ContactDetails>
                </common:ContactOther>
                <common:ContactAgent />
            </common:VisitContactDetails>
        </SiteVisit>
        <SiteInformation>
            <common:EPCCertificate>0</common:EPCCertificate>
            <common:PublicPrivateOwnership>Private</common:PublicPrivateOwnership>
        </SiteInformation>
        <GeneralDevInfo />
        <OccupationalStatus>
            <common:VacantBuildingCredit>0</common:VacantBuildingCredit>
        </OccupationalStatus>
        <OpenSpace>
            <common:LossGainChangeOfUseOpenSpace>0</common:LossGainChangeOfUseOpenSpace>
            <common:OpenSpaceDetail />
        </OpenSpace>
        <ProtectedSpace>
            <common:LossGainChangeOfUseProtectedSpace>0</common:LossGainChangeOfUseProtectedSpace>
            <common:LossGainChangeOfUseProtectedSpaceDetail />
        </ProtectedSpace>
        <Supersede>
            <common:SupersedingExistingConsent>0</common:SupersedingExistingConsent>
            <common:SupersedeDetail />
        </Supersede>
        <DevelopmentDates>
            <common:SchemePhased>1</common:SchemePhased>
            <common:DevelopmentPhases>
                <common:SchemePhaseDetail>Phase Detail 1</common:SchemePhaseDetail>
                <common:DevelopmentPhasesDetailStructure>
                    <common:GLACommencementDateKnown>1</common:GLACommencementDateKnown>
                    <common:GLACommencementDate>2024-12</common:GLACommencementDate>
                    <common:GLACompletionDateKnown>1</common:GLACompletionDateKnown>
                    <common:GLACompletionDate>2026-02</common:GLACompletionDate>
                </common:DevelopmentPhasesDetailStructure>
            </common:DevelopmentPhases>
        </DevelopmentDates>
        <DeveloperInformation>
            <common:LeadDeveloperAssigned>0</common:LeadDeveloperAssigned>
        </DeveloperInformation>
        <WasteAndRecycling>
            <common:WasteProvisionComplete>1</common:WasteProvisionComplete>
            <common:WasteAndRecyclingDetail />
        </WasteAndRecycling>
        <ElectricVehicle>
            <common:ElectricVehicleChargingPoints>0</common:ElectricVehicleChargingPoints>
            <common:ElectricVehicleDetail />
        </ElectricVehicle>
        <Environmental>
            <common:CommunityEnergyFacilities>0</common:CommunityEnergyFacilities>
            <common:HeatPumps>0</common:HeatPumps>
            <common:SolarCapacity>0</common:SolarCapacity>
            <common:NumberOfPassiveCoolingUnits>3</common:NumberOfPassiveCoolingUnits>
            <common:NoX>3</common:NoX>
            <common:PMs>6</common:PMs>
            <common:GreenhouseGasEmissionReduction>0</common:GreenhouseGasEmissionReduction>
            <common:GreenRoofArea>6</common:GreenRoofArea>
            <common:UrbanGreeningFactorScore>6</common:UrbanGreeningFactorScore>
            <common:ElectricalHeatingUnits>7</common:ElectricalHeatingUnits>
            <common:ReuseRecycleOfDemolitionMaterial>7</common:ReuseRecycleOfDemolitionMaterial>
        </Environmental>
        <Utilities>
            <common:NewWaterConnections>23</common:NewWaterConnections>
            <common:GasConnections>32</common:GasConnections>
            <common:FireSupression>0</common:FireSupression>
            <common:FullFibreInternetConnectionRes>3</common:FullFibreInternetConnectionRes>
            <common:FullFibreInternetConnectionNonRes>2</common:FullFibreInternetConnectionNonRes>
            <common:MobileNetworkProviders>0</common:MobileNetworkProviders>
        </Utilities>
        <WaterManagement>
            <common:PercentageReductionOfSurfaceWaterDischarge>23</common:PercentageReductionOfSurfaceWaterDischarge>
            <common:GreenSuDSIncorporatedIntoDrainageDesign>1</common:GreenSuDSIncorporatedIntoDrainageDesign>
            <common:InternalResidentialWaterUsage>0</common:InternalResidentialWaterUsage>
            <common:RainWaterHarvesting>0</common:RainWaterHarvesting>
            <common:GreyWaterReuse>0</common:GreyWaterReuse>
        </WaterManagement>
        <ExistingProposedFloorArea>
            <common:ExistingProposedFloorAreaDetail>
                <common:FloorAreaUseClasses>
                    <common:B2 />
                </common:FloorAreaUseClasses>
                <common:FullFloorArea>
                    <common:ExistingGrossFloorArea>34</common:ExistingGrossFloorArea>
                    <common:GrossFloorAreaToBeLost>32</common:GrossFloorAreaToBeLost>
                    <common:GrossFloorAreaGained>12</common:GrossFloorAreaGained>
                </common:FullFloorArea>
            </common:ExistingProposedFloorAreaDetail>
            <common:TotalExsistingProposedFloorArea>
                <common:TotalExistingGrossFloorArea>34</common:TotalExistingGrossFloorArea>
                <common:TotalGrossFloorAreaToBeLost>32</common:TotalGrossFloorAreaToBeLost>
                <common:TotalGrossFloorAreaGained>12</common:TotalGrossFloorAreaGained>
            </common:TotalExsistingProposedFloorArea>
        </ExistingProposedFloorArea>
        <OwnershipCertificates>
            <common:CertificateSelected>CertificateA</common:CertificateSelected>
            <common:NoticeGiven />
            <common:OwnershipDeclaration>
                <common:DeclarationDate>2024-12-19</common:DeclarationDate>
                <common:DeclarationMade>1</common:DeclarationMade>
                <common:Signatory PersonRole="Agent">
                    <pdt:PersonNameTitle>MR</pdt:PersonNameTitle>
                    <pdt:PersonGivenName>Bob</pdt:PersonGivenName>
                    <pdt:PersonFamilyName>Smith</pdt:PersonFamilyName>
                </common:Signatory>
            </common:OwnershipDeclaration>
        </OwnershipCertificates>
        <Biodiversity>
            <common:ProtectedPrioritySpecies>
                <common:No />
            </common:ProtectedPrioritySpecies>
            <common:DesignatedSites>
                <common:No />
            </common:DesignatedSites>
            <common:GeologicalConservationImportance>
                <common:No />
            </common:GeologicalConservationImportance>
        </Biodiversity>
    </ApplicationData>
    <DeclarationOfInterest>
        <common:IsRelated>0</common:IsRelated>
    </DeclarationOfInterest>
    <Declaration>
        <common:DeclarationDate>2024-12-19</common:DeclarationDate>
        <common:DeclarationMade>1</common:DeclarationMade>
    </Declaration>
</Proposal>
