{
  "applicationData": {
    "siteLocation": {
      "bs7666Number": 6,
      "bs7666Suffix": "",
      "bs7666Description": "Civic Centre",
      "bs7666StreetDescription": "Brixton Hill",
      "bs7666Locality": "",
      "bs7666AdministrativeArea": "Lambeth",
      "bs7666Town": "London",
      "bs7666PostCode": "SW2 1EG",
      "bs7666UniquePropertyReferenceNumber": 10093378978,
      "bs7666X": 530917,
      "bs7666Y": 175095,
      "otherLocation": "",
      "isGla": true
    },
    "applicant": {
      "personGivenName": "Bob",
      "personFamilyName": "Smith",
      "orgName": "",
      "intAddressLine1": "63 West Green Road",
      "intAddressLine2": "",
      "intAddressLine3": "",
      "intAddressLine4": "London",
      "intAddressLine5": "",
      "country": "United Kingdom",
      "internationalPostCode": "N15 5DA",
      "isAgent": false,
      "telNationalNumber": "00000000000",
      "telNationalNumber2": "",
      "faxNationalNumber": "",
      "emailAddress": "test@lambeth.gov.uk",
      "title": ""
    },
    "siteArea": {
      "siteArea": 10,
      "areaUnit": "sq.metres"
    },
    "siteInformation": {
      "separateTitleNumbersGLA": [
        {
          "textField": "11"
        }
      ],
      "epcCertificate": false,
      "publicPrivateOwnership": "Private"
    },
    "proposalDescription": {
      "descriptionText": "Test DH 01_03_2023",
      "proposalStarted": false
    },
    "proposalDescriptionGla": {
      "fastTrackAffordableHousing": false,
      "permissionForWholeBuilding": true,
      "registeredSocialLandlord": false,
      "includesBuildings": false,
      "lossOfGardenLand": false,
      "projectedWorksCategory": "UpTo2m"
    },
    "occupationalStatus": {
      "vacantBuildingCredit": false
    },
    "supersede": {
      "supersedingExistingConsent": false
    },
    "developmentDates": {
      "developmentPhases": [
        {
          "schemePhaseDetail": "test",
          "glaCommencementDate": "2022-03",
          "glaCompletionDate": "2023-03"
        }
      ]
    },
    "developerInformation": {
      "hasSchemeName": false,
      "leadDeveloperAssigned": false
    },
    "existingUse": {
      "currentUse": "test",
      "isCurrentlyVacant": false,
      "contaminatedLandKnown": false,
      "contaminatedLandSuspect": false,
      "contaminatedProposedUse": false
    },
    "existingProposedFloorArea": {
      "existingProposedFloorAreaDetail": [
        {
          "floorAreaUseClasses": "c3",
          "existingGrossFloorArea": 12,
          "grossFloorAreaToBeLost": 13,
          "grossFloorAreaGained": 14
        }
      ],
      "totalExistingGrossFloorArea": 12,
      "totalGrossFloorAreaToBeLost": 13,
      "totalGrossFloorAreaGained": 14
    },
    "materials": {
      "externalMaterialsRequired": false,
      "materials": []
    },
    "access": {
      "newAlteredVehicular": "No",
      "newAlteredPedestrian": "No",
      "newPublicRoad": "No",
      "newRightsOfWay": "No",
      "changeRightsOfWay": "No"
    },
    "parkingGla": {
      "householdParking": {
        "existingParkingAffected": false
      },
      "fullParking": {}
    },
    "electricVehicle": {
      "electricVehicleChargingPoints": false,
      "electricVehicleDetail": []
    },
    "fullTreesHedges": {
      "fullTreesHedges": {
        "treesHedgesOnSite": false,
        "treesHedgesAdjacent": false
      }
    },
    "floodRisk": {
      "siteInFloodRiskArea": "No",
      "proposalNearWatercourse": false,
      "proposalIncreaseFloodrisk": false,
      "sustainableDrainage": true,
      "existingWatercourse": false,
      "soakaway": false,
      "mainSewer": false,
      "pondLake": false
    },
    "biodiversity": {
      "protectedPrioritySpecies": "no",
      "designatedSites": "no",
      "geologicalConservationImportance": "no"
    },
    "openAndProtectedSpace": {
      "openSpace": {
        "lossGainChangeOfUseOpenSpace": false
      },
      "protectedSpace": {
        "lossGainChangeOfUseProtectedSpace": false
      }
    },
    "foulSewage": {
      "disposal": {
        "mainsSewer": true,
        "septicTank": false,
        "packageTreatmentPlant": false,
        "cessPit": false,
        "other": false,
        "notKnown": false
      },
      "connectExistingDrainage": "No"
    },
    "waterManagement": {
      "percentageReductionOfSurfaceWaterDischarge": 1,
      "greenSuDSIncorporatedIntoDrainageDesign": false,
      "internalResidentialWaterUsage": 0,
      "rainWaterHarvesting": false,
      "greyWaterReuse": false
    },
    "tradeEffluent": {
      "disposeTradeWaste": "No"
    },
    "residentialUnitsSpec": {
      "unitsToBeLost": false,
      "lostUnitsSpecStructure": [],
      "lostSpaceUnitsSpecStructure": [],
      "unitsToBeAdded": false,
      "addedUnitsSpecStructure": [],
      "addedSpaceUnitsSpecStructure": [],
      "isMixedResidential": false,
      "residentialSiteArea": 16,
      "resiAreaUnit": "sq.metres"
    },
    "nonPermanentDwellings": {
      "lossGainNonPermanentDwellings": false
    },
    "otherResidentialAccommodation": {
      "hotelHolidayAccommodation": false,
      "unitsProposed": []
    },
    "wasteAndRecycling": {
      "wasteProvisionComplete": false,
      "wasteAndRecyclingDetail": []
    },
    "utilities": {
      "newWaterConnections": 0,
      "gasConnections": 0,
      "fireSupression": false,
      "fullFibreInternetConnectionRes": 0,
      "fullFibreInternetConnectionNonRes": 0,
      "mobileNetworkProviders": false
    },
    "environmental": {
      "communityEnergyFacilities": false,
      "heatPumps": false,
      "solarCapacity": false,
      "numberOfPassiveCoolingUnits": 0,
      "noX": 0,
      "pms": 0,
      "greenhouseGasEmissionReduction": false,
      "greenRoofArea": 0,
      "urbanGreeningFactorScore": 0,
      "electricalHeatingUnits": 0,
      "reuseRecycleOfDemolitionMaterial": 0
    },
    "employment": {
      "isEmployeesChanged": false
    },
    "hours": {
      "areHours": "No"
    },
    "industrialCommercial": {
      "doesInvolveIndustrialCommercial": false,
      "isProposalWasteManagementDevelopment": false
    },
    "hazardousSubstances": {
      "isUseStorageFollowingMaterials": "No"
    },
    "siteVisit": {
      "seeSite": false,
      "visitContactDetails": "ContactApplicant"
    },
    "advice": {
      "haveSoughtAdvice": false
    },
    "declarationOfInterest": {
      "isRelated": false
    },
    "ownershipCertificates": {
      "isApplicantSoleLandOwner": true,
      "certificateSelected": "CertificateA",
      "declarationMade": true,
      "isAgriculturalHolding": false,
      "signatory": "Applicant",
      "personGivenName": "Bob",
      "personFamilyName": "Smith",
      "declarationDate": "2023-03-01T00:00:00Z",
      "title": ""
    },
    "declaration": {
      "declaration": "I / We hereby apply for Full planning permission as described in this form and accompanying plans/drawings and additional information. I / We confirm that, to the best  of my/our knowledge, any facts stated are true and accurate and any opinions given are the genuine  options of the persons giving them. I / We also accept that: Once submitted, this information will  be transmitted to the Local Planning Authority and, once validated by them, be made available as  part of a public register and on the authority\u0027s website; our system will automatically generate and send you emails in regard to the submission of this application.",
      "declarationMade": true,
      "signed": "Bob Smith",
      "declarationDate": "2023-03-01T11:24:23Z",
      "summary": ""
    }
  },
  "applicationHeader": {
    "dateSubmitted": "2023-03-01T11:24:28.307Z",
    "refNum": 10079425,
    "formattedRefNum": "PT-10079425",
    "applicationVersion": 1,
    "description": "TestAddressFormat",
    "payment": {
      "amountDue": 0.0,
      "amountPaid": 0.0,
      "currency": "GBP",
      "paymentMethod": "OnlineViaPortal"
    },
    "applicationTo": "N5660",
    "attachmentsChanged": false,
    "isValidApplication": true
  },
  "applicationScenario": {
    "scenarioNumber": 4
  },
  "documentList": [
    {
      "name": "Application Form",
      "description": "Application Form",
      "fileName": "ApplicationForm.pdf",
      "mimeType": "application/pdf",
      "sizeInBytes": 538333,
      "documentRef": "10079425-1-1",
      "deliveryMethod": "Electronic",
      "documentType": "Application_Form",
      "reference": "Application Form"
    },
    {
      "name": "Application Form - Without Personal Data",
      "description": "Application Form - Without Personal Data",
      "fileName": "ApplicationFormRedacted.pdf",
      "mimeType": "application/pdf",
      "sizeInBytes": 538084,
      "documentRef": "10079425-1-2",
      "deliveryMethod": "Electronic",
      "documentType": "Application_Form_Without_Personal_Data",
      "reference": "Application Form - Without Personal Data"
    },
    {
      "name": "How the fee was calculated",
      "description": "How the fee was calculated",
      "fileName": "FeeCalculation.pdf",
      "mimeType": "application/pdf",
      "sizeInBytes": 109123,
      "documentRef": "10079425-1-3",
      "deliveryMethod": "Electronic",
      "documentType": "How_the_fee_was_calculated",
      "reference": "How the fee was calculated"
    },
    {
      "name": "A summary of the attachments in the proposal",
      "description": "A summary of the attachments in the proposal",
      "fileName": "AttachmentSummary.pdf",
      "mimeType": "application/pdf",
      "sizeInBytes": 70067,
      "documentRef": "10079425-1-4",
      "deliveryMethod": "Electronic",
      "documentType": "A_summary_of_the_attachments_in_the_proposal",
      "reference": "A summary of the attachments in the proposal"
    },
    {
      "name": "The location plan",
      "description": "description test 2",
      "fileName": "doc_Test_2.doc",
      "mimeType": "application/msword",
      "sizeInBytes": 32768,
      "documentRef": "10079425-1-1057154",
      "deliveryMethod": "Electronic",
      "documentType": "The_location_plan",
      "reference": "The location plan"
    },
    {
      "name": "Detail Drawing",
      "description": "description test 1",
      "fileName": "docx_Test_1.docx",
      "mimeType": "application/vnd.openxmlformats-officedocument.wordprocessingml.document",
      "sizeInBytes": 17682,
      "documentRef": "10079425-1-1057155",
      "deliveryMethod": "Electronic",
      "documentType": "Detail_Drawing",
      "reference": "Detail Drawing"
    },
    {
      "name": "Elevation (Front) - Existing",
      "description": "description test jpg",
      "fileName": "2857827.jpg",
      "mimeType": "image/jpeg",
      "sizeInBytes": 55782,
      "documentRef": "10079425-1-1057156",
      "deliveryMethod": "Electronic",
      "documentType": "Elevation_(Front)_-_Existing",
      "reference": "Elevation (Front) - Existing"
    },
    {
      "name": "Community Infrastructure Levy - Completed form",
      "description": "test cil",
      "fileName": "Community Infrastructure Levy - Completed form_included_in_Detail Drawing.pdf",
      "mimeType": "application/pdf",
      "sizeInBytes": 44016,
      "documentRef": "10079425-1-1057157",
      "deliveryMethod": "CoveredInAnotherDocument",
      "documentType": "Community_Infrastructure_Levy_-_Completed_form",
      "reference": "Community Infrastructure Levy - Completed form"
    }
  ],
  "feeCalculationSummary": {
    "fullFee": {
      "enlargementImprovementAlteration": false,
      "newDwellinghouses": true,
      "changeToMultipleDwellinghouses": false,
      "changeBuildingToDwellinghouses": false,
      "buildingErection": false,
      "agriculturalBuildingErection": false,
      "glasshouseErection": false,
      "plantOrMachinery": false,
      "refuseOrWasteMaterials": false,
      "otherOperations": false,
      "meansOfAccess": false,
      "otherMaterialChange": false,
      "fee": 1848,
      "newDwellinghousesNumber": 4
    },
    "concessions": {
      "reductions": {
        "reductionCap": "None",
        "parishCouncil": false,
        "alternativeProposal": false,
        "nonProfit": false
      },
      "exemptions": {
        "exemptionCap": 0,
        "disabledAccess": false,
        "disabledAccessPublic": true,
        "planningActPart3": false,
        "firstRevision": false
      }
    },
    "multipleLpaFees": {
      "isMultipleLpa": true,
      "currentlyAssignedLocalPlanningAuthority": "Lambeth Council London Borough",
      "additionalLpas": [
        {
          "lpaName": "n"
        }
      ]
    },
    "calculation": {
      "payment": {
        "amountDue": 0.00,
        "paymentRef": "",
        "currency": "GBP",
        "paymentMethod": "OnlineViaPortal"
      }
    }
  },
  "schemaVersion": "1.0"
}
